{
  "WritableParameter": [
    {
      "name": "Nastawa",
      "type": "double",
      "min": "0",
      "max": "10",
      "value": "32.4",
      "address": "0x0104"
    },

    {
      "name": "ParametrB",
      "type": "int",
      "min": "0",
      "max": "30",
      "value": "4",
      "address": "0x0104"
    },

    {
      "name": "ParametrC",
      "type": "double",
      "min": "0",
      "max": "23",
      "value": "22.4",
      "address": "0x0104"
    }
  ]
}